url_path,views_total,views_unique
/jgphpc/SPH-EXA,6,2
/jgphpc/SPH-EXA/tree/ascent_jg,5,3
/jgphpc/SPH-EXA/blob/ascent_jg/scripts/ascent/wind-shock0/png/png_temperature.yaml,5,1
/jgphpc/SPH-EXA/tree/ascent_jg/scripts/ascent,5,1
/jgphpc/SPH-EXA/tree/ascent_jg/scripts/ascent/wind-shock0,5,1
/jgphpc/SPH-EXA/blob/ascent_jg/scripts/ascent/wind-shock1/vector_field_ops.yaml,4,2
/jgphpc/SPH-EXA/tree/ascent_jg/scripts,4,2
/jgphpc/SPH-EXA/blob/ascent_jg/main/src/ascent_adaptor.h,3,2
/jgphpc/SPH-EXA/tree/ascent_jg/scripts/ascent/wind-shock0/png,3,1
/jgphpc/SPH-EXA/blob/ascent_jg/scripts/ascent/ascent_intro/01.yaml,2,1
